headline,url
,https://english.elpais.com
,https://english.elpais.com
,https://english.elpais.com
,https://english.elpais.com
,https://english.elpais.com
,https://english.elpais.com
,https://english.elpais.com
,https://english.elpais.com
,https://english.elpais.com
"‘El Mencho’ and ‘Don Rodo,’ a life of evading justice",https://english.elpais.com
,https://english.elpais.com
,https://english.elpais.com
,https://english.elpais.com
,https://english.elpais.com
,https://english.elpais.com
,https://english.elpais.com
,https://english.elpais.com
,https://english.elpais.com
,https://english.elpais.com
,https://english.elpais.com
Egg prices will increase 41% this year in the US,https://english.elpais.com
,https://english.elpais.com
,https://english.elpais.com
,https://english.elpais.com
Underground fights and female thieves: New series from the creator of ‘Peaky Blinders’ delves into London’s underworld,https://english.elpais.com
"Dystopias, authoritarianism, tech threats... Is progress over?",https://english.elpais.com
,https://english.elpais.com
,https://english.elpais.com
Patrick Dempsey: ‘Dyslexia was a lesson in humility that saved me from the temptation to believe I was better than anyone else’,https://english.elpais.com/culture/2025-02-19/patrick-dempsey-dyslexia-was-a-lesson-in-humility-that-saved-me-from-the-temptation-to-believe-i-was-better-than-anyone-else.html
,https://english.elpais.com
,https://english.elpais.com
The popularity of the ‘Mar-a-Lago face’ soars in Trump’s inner circle,https://english.elpais.com/lifestyle/2025-02-24/the-popularity-of-the-mar-a-lago-face-soars-in-trumps-inner-circle.html
,https://english.elpais.com
,https://english.elpais.com
,https://english.elpais.com
,https://english.elpais.com
,https://english.elpais.com
Where do the clothes go after we put them in a recycling bin? ,https://english.elpais.com
,https://english.elpais.com
Listen now LOS40 USA,https://los40.us/
"Lady Gaga’s Mayhem Is Here: Tracklist, Critical Reception, and More",https://los40.us/2025/lady-gagas-mayhem-is-here-tracklist-critical-reception-and-more-30752.html
Katy Perry Set to Fly to Space with Blue Origin’s All-Female Crew,https://los40.us/2025/katy-perry-set-to-fly-to-space-with-blue-origins-all-female-crew-30702.html
EL PAÍS offers free Spanish lessons with Gymglish,https://english.elpais.com
,https://english.elpais.com
,https://english.elpais.com
,https://english.elpais.com
,https://english.elpais.com
,https://english.elpais.com
Venezuela kicks off its most uncertain presidential campaign,https://english.elpais.com
,https://english.elpais.com
An economic paradox: When savings are both a good and a bad idea,https://english.elpais.com
,https://english.elpais.com
,https://english.elpais.com
,https://english.elpais.com
,https://english.elpais.com
,https://english.elpais.com
,https://english.elpais.com
,https://english.elpais.com
"Climbing without a rope, between freedom and psychopathy",https://english.elpais.com
